seed,condition,brier_0,brier_50,brier_100,brier_200,improvement_from_initial,unchanged_state_brier,final_nll,final_exact_accuracy,unique_training_pairs,most_sampled_pair_share,action_count_create,action_count_move,action_count_rename,action_count_read,brier_action_create,brier_action_move,brier_action_rename,brier_action_read
0,hyperbolic_active,0.2588703976276375,0.2524121098263607,0.18881416915274746,0.1837948611564924,0.07507553647114512,0.21875,2.2659931395661976,0.5,24,0.11,54,44,45,57,0.11215193169133186,0.2687299619495049,0.2618674314350746,0.09243011955005824
0,hyperbolic_random,0.2588703976276375,0.1855743652211838,0.18793343927931333,0.21378939475943531,0.045081002868202213,0.21875,2.825383093442852,0.375,24,0.075,58,41,55,46,0.16422164345198298,0.30551419458794826,0.2873748501028154,0.09804689089499463
0,euclidean_active,0.25873040508682343,0.2336112557290094,0.1601357287599079,0.2384973086854122,0.020233096401411244,0.21875,3.0449559233091352,0.25,24,0.11,51,53,55,41,0.11626939253717762,0.3181018433660964,0.34914052802668116,0.1704774708116936
0,euclidean_random,0.25873040508682343,0.18572114343151588,0.18416125466732605,0.20043284067142475,0.058297564415398684,0.21875,2.912961253666388,0.5,24,0.075,58,41,55,46,0.1095054596680016,0.31946667858015626,0.30059025860404887,0.07216896583349239
1,hyperbolic_active,0.24966060084153752,0.17944487437568077,0.1791934437149221,0.1869687174827232,0.06269188335881432,0.21875,2.1044362909667123,0.125,23,0.145,42,38,43,77,0.23907325154432202,0.16863371423214835,0.2709607010887555,0.06920720306566705
1,hyperbolic_random,0.24966060084153752,0.1745575838836952,0.1817048817675317,0.18134053635066943,0.06832006449086808,0.21875,2.060515087067068,0.125,24,0.07,47,41,55,57,0.21629705040879432,0.1873301455741494,0.2610067310355793,0.06072821838415459
1,euclidean_active,0.24956289084999964,0.193630661826576,0.21892861160407562,0.2677067144498205,-0.01814382359982089,0.21875,3.4428126709061133,0,24,0.125,61,40,49,50,0.2921569118538369,0.23707188281678074,0.4078016908492572,0.1337963722794072
1,euclidean_random,0.24956289084999964,0.17150363724650042,0.17210342357271025,0.18697842190442315,0.06258446894557648,0.21875,2.100270916417294,0.25,24,0.07,47,41,55,57,0.21718439389316685,0.16436905516728595,0.322954156163008,0.0434060823942319
2,hyperbolic_active,0.2400275506429293,0.19870106548226762,0.19637247835266247,0.21875103068687485,0.02127651995605445,0.21875,3.441604598261235,0.25,23,0.12,47,50,44,59,0.25998075055370296,0.2298454262299071,0.26025874930583004,0.12491919665805924
2,hyperbolic_random,0.2400275506429293,0.17305928130240375,0.17749297541828674,0.21137793102794317,0.028649619614986133,0.21875,3.073985184315723,0.375,24,0.065,45,50,47,58,0.258551588596837,0.25853948711298586,0.23866898891539245,0.08975165948655739
2,euclidean_active,0.23996402890925747,0.2212980753859657,0.22684479515042325,0.20696067220315106,0.03300335670610641,0.21875,3.2202392738907584,0.5,24,0.09,57,41,48,54,0.283368343979841,0.3141700938598193,0.21743515918393314,0.012869091789010736
2,euclidean_random,0.23996402890925747,0.1719292083585974,0.17253426639091832,0.21354668386269532,0.026417345046562152,0.21875,3.1112295442381357,0.375,24,0.065,45,50,47,58,0.2552062417622479,0.2965345518143629,0.20867791020889592,0.09376803166527457
3,hyperbolic_active,0.24418037591820313,0.26725229566152015,0.2327869165170325,0.2272085834116056,0.016971792506597527,0.21875,2.7030710886727425,0.25,24,0.085,67,32,55,46,0.18780932812359455,0.48855483379865605,0.18255999064208567,0.0499101810820862
3,hyperbolic_random,0.24418037591820313,0.2271925745801408,0.23966766817329696,0.24666510707280445,-0.0024847311546013218,0.21875,3.1087459985739048,0.125,24,0.07,40,46,58,56,0.25913227682132667,0.3471708179160551,0.2765612183774802,0.10379611517635584
3,euclidean_active,0.2437850941933161,0.23358190933094888,0.2924652977875699,0.2503868036995838,-0.006601709506267733,0.21875,3.7077057278390146,0.25,24,0.08,53,51,54,42,0.24242626781416227,0.5423887185017002,0.11817277373679119,0.09855945474568172
3,euclidean_random,0.2437850941933161,0.23612738489184687,0.2563705201974792,0.27131368230845426,-0.02752858811513817,0.21875,3.550940751117654,0.125,24,0.07,40,46,58,56,0.2661139597523797,0.38607812913401973,0.3214327880830541,0.11162985226436352
4,hyperbolic_active,0.24765230850434036,0.18887407276411694,0.15488602932832632,0.19312856774048648,0.054523740763853884,0.21875,2.323621318707901,0.375,24,0.1,61,40,35,64,0.22415438550134026,0.23643917256770225,0.23141308372008618,0.0805076291728172
4,hyperbolic_random,0.24765230850434036,0.21671903584394653,0.17539221530889937,0.1999408081274186,0.04771150037692176,0.21875,2.4451681396550797,0.125,24,0.075,43,58,51,48,0.16027090107088865,0.27852585270578956,0.1871586514594088,0.17380782727358737
4,euclidean_active,0.24766919658629838,0.1650323608003367,0.20696198300339785,0.20458687676070433,0.043082319825594045,0.21875,2.6078791687999114,0.125,24,0.145,63,57,44,36,0.13844112622877522,0.34005882830619805,0.21348929974014463,0.12635825276769935
4,euclidean_random,0.24766919658629838,0.2178288921383999,0.18595761566209756,0.19928040558821858,0.0483887909980798,0.21875,2.744646784624024,0.25,24,0.075,43,58,51,48,0.14267887070382446,0.28390945177671645,0.20211026464507573,0.16842303522725777
5,hyperbolic_active,0.2560113860525727,0.21952034295446093,0.2696347445355608,0.21956879920018788,0.0364425868523848,0.21875,2.819091150408674,0.5,23,0.105,59,60,49,32,0.16193182044394056,0.22016354706444868,0.44141608823982464,0.054763741052537604
5,hyperbolic_random,0.2560113860525727,0.2069702344024424,0.2044668532369635,0.20142881782624522,0.054582568226327455,0.21875,2.367341801168587,0.375,24,0.08,49,47,62,42,0.14600614353598085,0.22328326462498846,0.3712573078390282,0.06516855530498344
5,euclidean_active,0.2559588806611766,0.20620513780878635,0.24061742895949514,0.24516315876496292,0.010795721896213695,0.21875,3.163577388998637,0.25,22,0.13,87,45,38,30,0.1876799688374418,0.3004823749607587,0.3967028481264634,0.09578744313518787
5,euclidean_random,0.2559588806611766,0.21091144291613623,0.21288772802931286,0.2344196455519627,0.021539235109213906,0.21875,2.6818556360347503,0.25,24,0.08,49,47,62,42,0.2262923014119168,0.24021385108311644,0.404839205714734,0.06633322399808361
6,hyperbolic_active,0.25736333633613684,0.21929325160291752,0.20627093122865803,0.18312121866524955,0.07424211767088729,0.21875,2.8891372823733605,0.375,24,0.19,37,62,52,49,0.3300273455815562,0.23514654709446778,0.15359069183648885,0.013720290148485286
6,hyperbolic_random,0.25736333633613684,0.19258634648099698,0.1797377112990415,0.17100145855047583,0.08636187778566101,0.21875,2.652372962413236,0.375,24,0.06,50,52,48,50,0.30420447177573834,0.22226865276490593,0.1462201524457198,0.011312557215539292
6,euclidean_active,0.25725999846318437,0.19868302423104947,0.20685875713580243,0.22325863719136693,0.03400136127181744,0.21875,2.9923167752541335,0.375,23,0.18,35,59,53,53,0.31251369440749205,0.38646556919949726,0.17349357105215724,0.020561714106321235
6,euclidean_random,0.25725999846318437,0.19767999153794663,0.178618833400651,0.19217992637885029,0.06508007208433408,0.21875,2.495039155684296,0.375,24,0.06,50,52,48,50,0.29659110547504375,0.322293813744042,0.13172792862198082,0.018106857674334592
7,hyperbolic_active,0.24612267590653075,0.1441101992608266,0.18283315890712126,0.18898624312178858,0.057136432784742175,0.21875,2.1199341847528954,0.25,23,0.13,52,55,51,42,0.29850729027519773,0.2360277960796932,0.14554944997026253,0.07586043616200089
7,hyperbolic_random,0.24612267590653075,0.18086006611748817,0.17898044357156628,0.16673144555732267,0.07939123034920809,0.21875,2.0829357099951045,0.5,24,0.085,45,42,65,48,0.22243661320241218,0.15317580609482054,0.23135154868430946,0.05996181424774849
7,euclidean_active,0.245901153565159,0.22475867626391258,0.18939796543042936,0.24551853275601665,0.00038262080914233665,0.21875,3.191048095166246,0.125,23,0.185,43,54,60,43,0.314303428222778,0.30349874690053963,0.2004830481795606,0.16378890772118831
7,euclidean_random,0.245901153565159,0.17542111802784452,0.15763307357237244,0.18462454348300522,0.061276610082153765,0.21875,2.5480494375836944,0.25,24,0.085,45,42,65,48,0.2768223806681725,0.16835922943231854,0.20771925689662898,0.08559730693490095
8,hyperbolic_active,0.2445676106117411,0.18274574872671712,0.1814683036166611,0.1660271910392062,0.07854041957253488,0.21875,2.0462777968369332,0.5,23,0.09,60,53,47,40,0.14452082203432573,0.24828680704952039,0.22948664952328138,0.041814485549697356
8,hyperbolic_random,0.2445676106117411,0.1787214952021084,0.16258751957112508,0.1814201851829669,0.06314742542877419,0.21875,2.31207694789762,0.5,24,0.06,47,57,51,45,0.23515496514252449,0.2476251382816054,0.23085515953908498,0.012045477768652805
8,euclidean_active,0.24468340395042038,0.1896617131667377,0.18606658823599387,0.15609388922927378,0.0885895147211466,0.21875,1.871337539291815,0.5,23,0.15,35,67,64,34,0.18818242852047695,0.2723080097593272,0.12418041061924207,0.03970470801804883
8,euclidean_random,0.24468340395042038,0.1685536787619924,0.1616577434136377,0.19131991799713627,0.05336348595328411,0.21875,2.896600682418741,0.5,24,0.06,47,57,51,45,0.23836072118286833,0.28440963452014667,0.23223168948028494,0.010277626805245079
9,hyperbolic_active,0.24394072334596592,0.228473923931412,0.21641254306836932,0.2859905593545126,-0.0420498360085467,0.21875,3.820520532702208,0.25,24,0.115,44,54,66,36,0.15083684595442823,0.5267151719432271,0.2923059733697196,0.17410424615067535
9,hyperbolic_random,0.24394072334596592,0.20835652171208166,0.2114691973498683,0.19978942998540994,0.04415129336055598,0.21875,2.403491062194926,0.375,24,0.06,49,49,62,40,0.10116332111858975,0.3594798162081832,0.27468831462917126,0.06382626798569556
9,euclidean_active,0.24420956767952545,0.2205107620435583,0.18955264561524526,0.25134223651665893,-0.007132668837133482,0.21875,2.8414057224721714,0.25,24,0.16,40,66,56,38,0.15040968904491983,0.4951888819876487,0.2529545646623695,0.10681581037169774
9,euclidean_random,0.24420956767952545,0.1999005428002446,0.2039913668749371,0.20975257132929803,0.03445699635022742,0.21875,2.9429300615048146,0.375,24,0.06,49,49,62,40,0.11507053591029717,0.3935761656971244,0.27954025349693035,0.05082333021284031
10,hyperbolic_active,0.25000965404653697,0.18110692305496728,0.20183140748440936,0.19730687892169585,0.05270277512484112,0.21875,2.6643063753222203,0.5,24,0.125,51,58,42,49,0.3193862120272722,0.14126468632403472,0.30158289459736487,0.02699372273811152
10,hyperbolic_random,0.25000965404653697,0.2091062843625019,0.1606960405696744,0.1554082499937482,0.09460140405278877,0.21875,2.0141247105317066,0.5,24,0.065,47,53,50,50,0.26726141914480345,0.07871650462515604,0.23692837698196834,0.038726699223065014
10,euclidean_active,0.24992134662738755,0.15797930370520846,0.18843864172067742,0.2038798921073288,0.046041454520058755,0.21875,2.875912135054158,0.375,24,0.215,45,72,37,46,0.2904682410692985,0.20141971566658834,0.2993721447916463,0.02425946690178198
10,euclidean_random,0.24992134662738755,0.2157590144690487,0.14465210846685728,0.15627939679812675,0.0936419498292608,0.21875,2.301539431874174,0.5,24,0.065,47,53,50,50,0.25995507550836117,0.06730012383101915,0.2857479502139594,0.012114437639167213
11,hyperbolic_active,0.2562611636409157,0.2023702917246668,0.2032108530538007,0.17886987266743914,0.07739129097347658,0.21875,1.9956087682790635,0.375,24,0.155,82,36,52,30,0.09788599640847516,0.1792703046966779,0.2697137352461453,0.16860945431845828
11,hyperbolic_random,0.2562611636409157,0.1511621570952507,0.12837328398518855,0.12465095438787718,0.13161020925303854,0.21875,1.6136234265913938,0.625,24,0.07,44,47,52,57,0.09048048781585724,0.1280655436717797,0.25165564076980046,0.028402145294071326
11,euclidean_active,0.2561757401150608,0.19568555987380548,0.20530986299693085,0.1688127039880873,0.08736303612697349,0.21875,1.880101099986822,0.375,24,0.135,59,31,74,36,0.10330867933433059,0.13125855216711807,0.24171467303406402,0.19896891141683637
11,euclidean_random,0.2561757401150608,0.1545245882329846,0.1423359062179971,0.17300667415276802,0.08316906596229276,0.21875,2.4913457430996266,0.5,24,0.07,44,47,52,57,0.06999737234641934,0.20779405467150902,0.3300936351185525,0.08414163447459122
12,hyperbolic_active,0.2411411934547757,0.2890425518284847,0.2138069652205167,0.22357173309930561,0.01756946035547008,0.21875,2.5836557578738173,0.25,24,0.135,61,55,48,36,0.1394988586159237,0.3034904544216367,0.290763900714194,0.16053371864546806
12,hyperbolic_random,0.2411411934547757,0.22222660661289612,0.16552083191045194,0.18704149361327374,0.05409969984150195,0.21875,2.2407387392755997,0.375,24,0.075,55,40,57,48,0.1798685199653055,0.2794948036685059,0.20166919553162987,0.08713345528765366
12,euclidean_active,0.24143745295240332,0.24960088106780123,0.14628957943924678,0.16605590750278681,0.0753815454496165,0.21875,1.7634871564470183,0.25,24,0.12,50,54,51,45,0.10066635453723403,0.2698214900923838,0.1925167037237364,0.10121908165779303
12,euclidean_random,0.24143745295240332,0.22009625470443403,0.18281924722195403,0.2239620840765046,0.017475368875898734,0.21875,2.8760355271454014,0.25,24,0.075,55,40,57,48,0.22435843268974742,0.30369946590946334,0.24092151309872278,0.1268689246080848
13,hyperbolic_active,0.25178996615808785,0.21893631904603728,0.21031514744823998,0.25202747818425,-0.0002375120261621233,0.21875,2.646822389383234,0.25,24,0.16,42,52,56,50,0.21900326306806833,0.3805572540689717,0.34048068923348807,0.06806870636647193
13,hyperbolic_random,0.25178996615808785,0.22660811970457376,0.18498322892327435,0.16351388835480218,0.08827607780328567,0.21875,1.9664959691403079,0.5,24,0.065,50,53,51,46,0.16733923722773303,0.18934828021573027,0.2530620442261522,0.04430599174959322
13,euclidean_active,0.2517254962366312,0.2589769818522008,0.2430382133357975,0.24281288929924882,0.008912606937382384,0.21875,2.864201353710426,0.125,24,0.115,58,55,58,29,0.23185141982054142,0.31615251288042523,0.33956143313969733,0.08368619135633129
13,euclidean_random,0.2517254962366312,0.24090621349349187,0.20020193984347334,0.2334019253258027,0.018323570910828507,0.21875,2.7419063720270085,0.25,24,0.065,50,53,51,46,0.2225277002472172,0.31293557943214734,0.3327290440348558,0.06541537758899033
14,hyperbolic_active,0.2590196797659263,0.22809570086707015,0.21971817445878847,0.27001551569529614,-0.010995835929369813,0.21875,3.8463071166181892,0.25,24,0.1,66,43,44,47,0.30809501294483327,0.47045985820399866,0.14767794713199434,0.15382924450035843
14,hyperbolic_random,0.2590196797659263,0.2555397403034308,0.2226596491663789,0.25380694298223183,0.005212736783694494,0.21875,3.300281856986942,0.25,24,0.065,49,46,43,62,0.3614150240321544,0.4285586405445845,0.09133850764478668,0.13391559970740163
14,euclidean_active,0.25895071049196705,0.18524419559639715,0.19256992998313652,0.2598118361368375,-0.000861125644870453,0.21875,3.46479344671655,0.125,23,0.13,65,38,63,34,0.2968804165969116,0.43916001698107604,0.1406171921733707,0.1625897187959917
14,euclidean_random,0.25895071049196705,0.2529470688177592,0.21117055346536562,0.2453069293841018,0.013643781107865238,0.21875,3.2212542872718304,0.125,24,0.065,49,46,43,62,0.34079248346435526,0.41234686631829204,0.12171403940483097,0.10637432834892915
15,hyperbolic_active,0.26039554689328787,0.24229268117026365,0.2102333075219467,0.20434165940684662,0.056053887486441245,0.21875,2.510736395308863,0.375,22,0.095,63,34,58,45,0.20224497889065626,0.2574664579961614,0.23875093327305633,0.11890426746751245
15,hyperbolic_random,0.26039554689328787,0.23127545670153155,0.21883534885532982,0.23823946262957277,0.022156084263715098,0.21875,3.5901166402121296,0.375,24,0.06,51,49,45,55,0.21536465765085724,0.29874143198313263,0.3338678052191609,0.10498395566514032
15,euclidean_active,0.26050945511285645,0.24962914701408045,0.22082952713896975,0.2223772779773372,0.03813217713551925,0.21875,3.7075593305358403,0.375,23,0.15,27,68,71,34,0.2503237133439411,0.23849378166139473,0.29770828148690825,0.10298333541710475
15,euclidean_random,0.26050945511285645,0.2239339606943419,0.20261645210862328,0.232156794009729,0.028352661103127452,0.21875,3.9655139093470964,0.375,24,0.06,51,49,45,55,0.23971972285056972,0.2854689621605938,0.29086467806292055,0.11257381296483183
16,hyperbolic_active,0.2517787430750006,0.188632918728249,0.161662337658042,0.14751322986173807,0.10426551321326252,0.21875,1.6551081541475643,0.125,24,0.195,41,55,59,45,0.11486076485264972,0.1391670124771186,0.18289844989271573,0.15312669222446817
16,hyperbolic_random,0.2517787430750006,0.17645880548419157,0.17193196190359056,0.17785607413908067,0.07392266893591992,0.21875,2.704480081566867,0.5,24,0.08,51,49,51,49,0.16151986373971836,0.21142571801272547,0.25552184155623014,0.08295687324764875
16,euclidean_active,0.2518615129664802,0.19984174129410343,0.19452381990916928,0.21020790125564348,0.0416536117108367,0.21875,3.249038228376085,0.375,24,0.09,62,53,47,38,0.20731785471616884,0.2487881564308148,0.2979918848693878,0.0867337090062025
16,euclidean_random,0.2518615129664802,0.17602126747703647,0.16701231460499966,0.18118788346758266,0.07067362949889752,0.21875,1.9612641961241668,0.25,24,0.08,51,49,51,49,0.16218898212521027,0.15864241191851405,0.2919893509926899,0.11193078883391636
17,hyperbolic_active,0.24747157082878485,0.17604416250493832,0.16915442421836085,0.20383533452242136,0.043636236306363485,0.21875,2.343313112077829,0.25,24,0.085,62,47,43,48,0.16448295919651526,0.3047637920453777,0.2574461416856415,0.08864844516215095
17,hyperbolic_random,0.24747157082878485,0.20440610757643052,0.19441457778065838,0.18933456552451783,0.05813700530426702,0.21875,2.4900294323620704,0.5,24,0.08,46,52,56,46,0.11381017688304904,0.30911349578339586,0.24525031998437974,0.08916426944724679
17,euclidean_active,0.24744588850049756,0.16371772624854486,0.17151657666758377,0.2398419891682973,0.007603899332200265,0.21875,3.241202531866622,0.25,23,0.17,54,47,60,39,0.1689286947032234,0.3312342289899418,0.3107806669828469,0.14842436599717704
17,euclidean_random,0.24744588850049756,0.1991032853885713,0.18982918267660812,0.18717774937886078,0.06026813912163678,0.21875,2.4494231642999145,0.5,24,0.08,46,52,56,46,0.0947410904483065,0.34000653457865326,0.2276916738047841,0.08627169868369927
18,hyperbolic_active,0.2506367228250538,0.1959551424893319,0.17616726701981406,0.16114077425103596,0.08949594857401783,0.21875,1.9736825016533965,0.375,24,0.09,45,56,40,59,0.2535728250696117,0.221613131143534,0.13576358261132615,0.033613558179671946
18,hyperbolic_random,0.2506367228250538,0.16748342240785097,0.18825766093426438,0.21176160323918608,0.0388751195858677,0.21875,2.3746125614337625,0.375,24,0.07,49,48,50,53,0.2556411202905302,0.32553202864866365,0.1845842266924759,0.0812890373250745
18,euclidean_active,0.25058591369446037,0.20776171521243653,0.15283762727092784,0.1922103967662331,0.05837551692822726,0.21875,2.2903484370974625,0.5,24,0.125,80,33,31,56,0.22394653812007548,0.3172930223384466,0.1948452152157442,0.03275681139066623
18,euclidean_random,0.25058591369446037,0.16051261782121298,0.16767850739079085,0.18853240917153413,0.06205350452292624,0.21875,2.2551581038960937,0.375,24,0.07,49,48,50,53,0.21354415930342058,0.27505128749938185,0.1872332505113714,0.07830093937196281
19,hyperbolic_active,0.25569454064549,0.24781615665900558,0.2132000158819369,0.2272891044255052,0.028405436219984814,0.21875,3.2707602580800446,0.25,24,0.13,74,48,32,46,0.24289888280112368,0.09662532417850254,0.4846848466514818,0.08494736407091275
19,hyperbolic_random,0.25569454064549,0.2590480640947532,0.21973957646983777,0.1888805434601643,0.06681399718532571,0.21875,2.4141419836440567,0.25,24,0.07,53,59,47,41,0.30031118888952935,0.06207478525421377,0.29290053291719054,0.10023566677972355
19,euclidean_active,0.25579109622853696,0.30669283349431675,0.2545977015468072,0.23996764436995371,0.01582345185858325,0.21875,3.515349866214236,0.125,24,0.125,57,57,46,40,0.2571021000439707,0.11814358813698586,0.4439125432018483,0.14071234609700994
19,euclidean_random,0.25579109622853696,0.2430391771271373,0.21796184827130485,0.2141586911296599,0.04163240509887706,0.21875,3.1407771875174406,0.375,24,0.07,53,59,47,41,0.27875865801898125,0.10715933841014161,0.42140602722278575,0.049310740866731005
